<?xml version="1.0" encoding="UTF-8"?>
<ItemSearchResponse xmlns="http://webservices.amazon.com/AWSECommerceService/2005-10-05">
    <OperationRequest>
        <HTTPHeaders>
            <Header Name="UserAgent" Value="Java/1.5.0_13"/>
        </HTTPHeaders>
        <RequestId>036QJ6D8XQAZZDRM4JQF</RequestId>
        <Arguments>
            <Argument Name="SearchIndex" Value="Music"/>
            <Argument Name="Service" Value="AWSECommerceService"/>
            <Argument Name="ResponseGroup" Value="Large"/>
            <Argument Name="Operation" Value="ItemSearch"/>
            <Argument Name="Artist" Value="Nu:tone"/>
            <Argument Name="AWSAccessKeyId" Value="0RBFG1JEYFQRVTPWYQ02"/>
        </Arguments>
        <RequestProcessingTime>0.191476106643677</RequestProcessingTime>
    </OperationRequest>
    <Items>
        <Request>
            <IsValid>True</IsValid>
            <ItemSearchRequest>
                <Artist>Nu:tone</Artist>
                <ResponseGroup>Large</ResponseGroup>
                <SearchIndex>Music</SearchIndex>
            </ItemSearchRequest>
        </Request>
        <TotalResults>5</TotalResults>
        <TotalPages>1</TotalPages>
        <Item>
            <ASIN>B000QCUAR0</ASIN>
            <DetailPageURL>http://www.amazon.com/gp/redirect.html%3FASIN=B000QCUAR0%26tag=ws%26lcode=xm2%26cID=2025%26ccmID=165953%26location=/o/ASIN/B000QCUAR0%253FSubscriptionId=0RBFG1JEYFQRVTPWYQ02</DetailPageURL>
            <SalesRank>277694</SalesRank>
            <SmallImage>
                <URL>http://ecx.images-amazon.com/images/I/518Rx3vrclL._SL75_.jpg</URL>
                <Height Units="pixels">75</Height>
                <Width Units="pixels">75</Width>
            </SmallImage>
            <MediumImage>
                <URL>http://ecx.images-amazon.com/images/I/518Rx3vrclL._SL160_.jpg</URL>
                <Height Units="pixels">160</Height>
                <Width Units="pixels">160</Width>
            </MediumImage>
            <LargeImage>
                <URL>http://ecx.images-amazon.com/images/I/518Rx3vrclL._SL500_.jpg</URL>
                <Height Units="pixels">455</Height>
                <Width Units="pixels">455</Width>
            </LargeImage>
            <ImageSets>
                <ImageSet Category="primary">
                    <SwatchImage>
                        <URL>http://ecx.images-amazon.com/images/I/518Rx3vrclL._SL30_.jpg</URL>
                        <Height Units="pixels">30</Height>
                        <Width Units="pixels">30</Width>
                    </SwatchImage>
                    <SmallImage>
                        <URL>http://ecx.images-amazon.com/images/I/518Rx3vrclL._SL75_.jpg</URL>
                        <Height Units="pixels">75</Height>
                        <Width Units="pixels">75</Width>
                    </SmallImage>
                    <MediumImage>
                        <URL>http://ecx.images-amazon.com/images/I/518Rx3vrclL._SL160_.jpg</URL>
                        <Height Units="pixels">160</Height>
                        <Width Units="pixels">160</Width>
                    </MediumImage>
                    <LargeImage>
                        <URL>http://ecx.images-amazon.com/images/I/518Rx3vrclL._SL500_.jpg</URL>
                        <Height Units="pixels">455</Height>
                        <Width Units="pixels">455</Width>
                    </LargeImage>
                </ImageSet>
            </ImageSets>
            <ItemAttributes>
                <Artist>Nu: Tone</Artist>
                <Binding>Audio CD</Binding>
                <EAN>0666017164311</EAN>
                <Label>Hospital</Label>
                <ListPrice>
                    <Amount>2298</Amount>
                    <CurrencyCode>USD</CurrencyCode>
                    <FormattedPrice>$22.98</FormattedPrice>
                </ListPrice>
                <Manufacturer>Hospital</Manufacturer>
                <NumberOfDiscs>1</NumberOfDiscs>
                <PackageDimensions>
                    <Height Units="hundredths-inches">54</Height>
                    <Length Units="hundredths-inches">555</Length>
                    <Weight Units="hundredths-pounds">18</Weight>
                    <Width Units="hundredths-inches">497</Width>
                </PackageDimensions>
                <ProductGroup>Music</ProductGroup>
                <Publisher>Hospital</Publisher>
                <ReleaseDate>2007-06-19</ReleaseDate>
                <Studio>Hospital</Studio>
                <Title>Back of Beyond</Title>
                <UPC>666017164311</UPC>
            </ItemAttributes>
            <OfferSummary>
                <LowestNewPrice>
                    <Amount>2298</Amount>
                    <CurrencyCode>USD</CurrencyCode>
                    <FormattedPrice>$22.98</FormattedPrice>
                </LowestNewPrice>
                <TotalNew>6</TotalNew>
                <TotalUsed>0</TotalUsed>
                <TotalCollectible>0</TotalCollectible>
                <TotalRefurbished>0</TotalRefurbished>
            </OfferSummary>
            <Offers>
                <TotalOffers>1</TotalOffers>
                <TotalOfferPages>1</TotalOfferPages>
                <Offer>
                    <Merchant>
                        <MerchantId>ATVPDKIKX0DER</MerchantId>
                        <GlancePage>http://www.amazon.com/gp/help/seller/home.html?seller=ATVPDKIKX0DER</GlancePage>
                    </Merchant>
                    <OfferAttributes>
                        <Condition>New</Condition>
                        <SubCondition>new</SubCondition>
                    </OfferAttributes>
                    <OfferListing>
                        <OfferListingId>4sXTLaz8LhVFBoDa6a5anUMCGSk7p%2Fn%2FIuM%2BC%2B2p3xK1pajZAs865kH%2FCZRFWjyo4VCOZm%2By6LgOQukQY7Sivg%3D%3D</OfferListingId>
                        <Price>
                            <Amount>2298</Amount>
                            <CurrencyCode>USD</CurrencyCode>
                            <FormattedPrice>$22.98</FormattedPrice>
                        </Price>
                        <Availability>Usually ships in 8 to 14 days</Availability>
                        <IsEligibleForSuperSaverShipping>1</IsEligibleForSuperSaverShipping>
                    </OfferListing>
                </Offer>
            </Offers>
            <SimilarProducts>
                <SimilarProduct>
                    <ASIN>B000VE4UDS</ASIN>
                    <Title>Tough Guys Don't Dance</Title>
                </SimilarProduct>
                <SimilarProduct>
                    <ASIN>B0007NH2B0</ASIN>
                    <Title>Brave Nu World</Title>
                </SimilarProduct>
                <SimilarProduct>
                    <ASIN>B000HT2L0Q</ASIN>
                    <Title>Now More Than Ever</Title>
                </SimilarProduct>
                <SimilarProduct>
                    <ASIN>B000QUU2Q6</ASIN>
                    <Title>Fabriclive.35</Title>
                </SimilarProduct>
                <SimilarProduct>
                    <ASIN>B000QCUB8I</ASIN>
                    <Title>Cross</Title>
                </SimilarProduct>
            </SimilarProducts>
            <Tracks>
                <Disc Number="1">
                    <Track Number="1">Beliefs - Pat Fulgoni, Nu: Tone, Nu:Tone</Track>
                    <Track Number="2">Deep Old - Nu: Tone, Nu:Tone</Track>
                    <Track Number="3">System - Nu: Tone, Nu:Tone, Natalie Williams</Track>
                    <Track Number="4">Missing Link - Nu: Tone, Nu:Tone</Track>
                    <Track Number="5">Take Me Back - Commix, Nu: Tone, Nu:Tone</Track>
                    <Track Number="6">What's Your Leisure? - Nu: Tone, Nu:Tone, </Track>
                    <Track Number="7">Say Hello, Wave Goodbye - Logistics, Nu: Tone, Nu:Tone</Track>
                    <Track Number="8">Beatnik - Nu: Tone, Nu:Tone</Track>
                    <Track Number="9">Never Together - Logistics, Nu: Tone, Nu:Tone</Track>
                    <Track Number="10">Up and Down - Nu:Tone</Track>
                    <Track Number="11">Boy Who Lost His Smile - Nu: Tone, Nu:Tone</Track>
                    <Track Number="12">Goofy - Nu: Tone, Nu:Tone</Track>
                    <Track Number="13">Jet Stream - Nu: Tone, Nu:Tone, </Track>
                </Disc>
            </Tracks>
            <BrowseNodes>
                <BrowseNode>
                    <BrowseNodeId>63704</BrowseNodeId>
                    <Name>Dance Pop</Name>
                    <Children>
                        <BrowseNode>
                            <BrowseNodeId>63705</BrowseNodeId>
                            <Name>Disco</Name>
                        </BrowseNode>
                        <BrowseNode>
                            <BrowseNodeId>467946</BrowseNodeId>
                            <Name>Euro Dance</Name>
                        </BrowseNode>
                    </Children>
                    <Ancestors>
                        <BrowseNode>
                            <BrowseNodeId>37</BrowseNodeId>
                            <Name>Pop</Name>
                            <Ancestors>
                                <BrowseNode>
                                    <BrowseNodeId>301668</BrowseNodeId>
                                    <Name>Styles</Name>
                                    <Ancestors>
                                        <BrowseNode>
                                            <BrowseNodeId>5174</BrowseNodeId>
                                            <Name>Music</Name>
                                        </BrowseNode>
                                    </Ancestors>
                                </BrowseNode>
                            </Ancestors>
                        </BrowseNode>
                    </Ancestors>
                </BrowseNode>
                <BrowseNode>
                    <BrowseNodeId>63709</BrowseNodeId>
                    <Name>General</Name>
                    <Ancestors>
                        <BrowseNode>
                            <BrowseNodeId>7</BrowseNodeId>
                            <Name>Dance &amp; DJ</Name>
                            <Ancestors>
                                <BrowseNode>
                                    <BrowseNodeId>301668</BrowseNodeId>
                                    <Name>Styles</Name>
                                    <Ancestors>
                                        <BrowseNode>
                                            <BrowseNodeId>5174</BrowseNodeId>
                                            <Name>Music</Name>
                                        </BrowseNode>
                                    </Ancestors>
                                </BrowseNode>
                            </Ancestors>
                        </BrowseNode>
                    </Ancestors>
                </BrowseNode>
                <BrowseNode>
                    <BrowseNodeId>467944</BrowseNodeId>
                    <Name>Pop - Dance Pop - General</Name>
                    <Ancestors>
                        <BrowseNode>
                            <BrowseNodeId>404927011</BrowseNodeId>
                            <Name>General</Name>
                            <Ancestors>
                                <BrowseNode>
                                    <BrowseNodeId>404926011</BrowseNodeId>
                                    <Name>Archives</Name>
                                    <Ancestors>
                                        <BrowseNode>
                                            <BrowseNodeId>251269011</BrowseNodeId>
                                            <Name>Custom Stores</Name>
                                            <Ancestors>
                                                <BrowseNode>
                                                  <BrowseNodeId>44259011</BrowseNodeId>
                                                  <Name>Specialty Stores</Name>
                                                  <Ancestors>
                                                  <BrowseNode>
                                                  <BrowseNodeId>5174</BrowseNodeId>
                                                  <Name>Music</Name>
                                                  </BrowseNode>
                                                  </Ancestors>
                                                </BrowseNode>
                                            </Ancestors>
                                        </BrowseNode>
                                    </Ancestors>
                                </BrowseNode>
                            </Ancestors>
                        </BrowseNode>
                    </Ancestors>
                </BrowseNode>
                <BrowseNode>
                    <BrowseNodeId>388417011</BrowseNodeId>
                    <Name>CD Album</Name>
                    <Ancestors>
                        <BrowseNode>
                            <BrowseNodeId>387645011</BrowseNodeId>
                            <Name>CD</Name>
                            <Ancestors>
                                <BrowseNode>
                                    <BrowseNodeId>387643011</BrowseNodeId>
                                    <Name>Format (binding)</Name>
                                    <Ancestors>
                                        <BrowseNode>
                                            <BrowseNodeId>387642011</BrowseNodeId>
                                            <Name>Refinements</Name>
                                            <Ancestors>
                                                <BrowseNode>
                                                  <BrowseNodeId>5174</BrowseNodeId>
                                                  <Name>Music</Name>
                                                </BrowseNode>
                                            </Ancestors>
                                        </BrowseNode>
                                    </Ancestors>
                                </BrowseNode>
                            </Ancestors>
                        </BrowseNode>
                    </Ancestors>
                </BrowseNode>
                <BrowseNode>
                    <BrowseNodeId>616881011</BrowseNodeId>
                    <Name>Main Album</Name>
                    <Ancestors>
                        <BrowseNode>
                            <BrowseNodeId>492502011</BrowseNodeId>
                            <Name>Edition (format)</Name>
                            <Ancestors>
                                <BrowseNode>
                                    <BrowseNodeId>387642011</BrowseNodeId>
                                    <Name>Refinements</Name>
                                    <Ancestors>
                                        <BrowseNode>
                                            <BrowseNodeId>5174</BrowseNodeId>
                                            <Name>Music</Name>
                                        </BrowseNode>
                                    </Ancestors>
                                </BrowseNode>
                            </Ancestors>
                        </BrowseNode>
                    </Ancestors>
                </BrowseNode>
            </BrowseNodes>
        </Item>
        <Item>
            <ASIN>B0007NH2B0</ASIN>
            <DetailPageURL>http://www.amazon.com/gp/redirect.html%3FASIN=B0007NH2B0%26tag=ws%26lcode=xm2%26cID=2025%26ccmID=165953%26location=/o/ASIN/B0007NH2B0%253FSubscriptionId=0RBFG1JEYFQRVTPWYQ02</DetailPageURL>
            <SalesRank>183057</SalesRank>
            <SmallImage>
                <URL>http://ecx.images-amazon.com/images/I/41ACHD7CSVL._SL75_.jpg</URL>
                <Height Units="pixels">75</Height>
                <Width Units="pixels">75</Width>
            </SmallImage>
            <MediumImage>
                <URL>http://ecx.images-amazon.com/images/I/41ACHD7CSVL._SL160_.jpg</URL>
                <Height Units="pixels">159</Height>
                <Width Units="pixels">160</Width>
            </MediumImage>
            <LargeImage>
                <URL>http://ecx.images-amazon.com/images/I/41ACHD7CSVL._SL500_.jpg</URL>
                <Height Units="pixels">299</Height>
                <Width Units="pixels">300</Width>
            </LargeImage>
            <ImageSets>
                <ImageSet Category="primary">
                    <SwatchImage>
                        <URL>http://ecx.images-amazon.com/images/I/41ACHD7CSVL._SL30_.jpg</URL>
                        <Height Units="pixels">30</Height>
                        <Width Units="pixels">30</Width>
                    </SwatchImage>
                    <SmallImage>
                        <URL>http://ecx.images-amazon.com/images/I/41ACHD7CSVL._SL75_.jpg</URL>
                        <Height Units="pixels">75</Height>
                        <Width Units="pixels">75</Width>
                    </SmallImage>
                    <MediumImage>
                        <URL>http://ecx.images-amazon.com/images/I/41ACHD7CSVL._SL160_.jpg</URL>
                        <Height Units="pixels">159</Height>
                        <Width Units="pixels">160</Width>
                    </MediumImage>
                    <LargeImage>
                        <URL>http://ecx.images-amazon.com/images/I/41ACHD7CSVL._SL500_.jpg</URL>
                        <Height Units="pixels">299</Height>
                        <Width Units="pixels">300</Width>
                    </LargeImage>
                </ImageSet>
                <ImageSet Category="variant">
                    <SwatchImage>
                        <URL>http://ecx.images-amazon.com/images/I/41T7RC1900L._SL30_.jpg</URL>
                        <Height Units="pixels">26</Height>
                        <Width Units="pixels">30</Width>
                    </SwatchImage>
                    <SmallImage>
                        <URL>http://ecx.images-amazon.com/images/I/41T7RC1900L._SL75_.jpg</URL>
                        <Height Units="pixels">66</Height>
                        <Width Units="pixels">75</Width>
                    </SmallImage>
                    <MediumImage>
                        <URL>http://ecx.images-amazon.com/images/I/41T7RC1900L._SL160_.jpg</URL>
                        <Height Units="pixels">140</Height>
                        <Width Units="pixels">160</Width>
                    </MediumImage>
                    <LargeImage>
                        <URL>http://ecx.images-amazon.com/images/I/41T7RC1900L._SL500_.jpg</URL>
                        <Height Units="pixels">263</Height>
                        <Width Units="pixels">300</Width>
                    </LargeImage>
                </ImageSet>
            </ImageSets>
            <ItemAttributes>
                <Binding>Audio CD</Binding>
                <Creator Role="Performer">Nu Tone</Creator>
                <EAN>0666017104324</EAN>
                <Format>Import</Format>
                <ListPrice>
                    <Amount>1949</Amount>
                    <CurrencyCode>USD</CurrencyCode>
                    <FormattedPrice>$19.49</FormattedPrice>
                </ListPrice>
                <NumberOfDiscs>1</NumberOfDiscs>
                <PackageDimensions>
                    <Height Units="hundredths-inches">54</Height>
                    <Length Units="hundredths-inches">555</Length>
                    <Weight Units="hundredths-pounds">18</Weight>
                    <Width Units="hundredths-inches">497</Width>
                </PackageDimensions>
                <ProductGroup>Music</ProductGroup>
                <ReleaseDate>2005-03-08</ReleaseDate>
                <Title>Brave Nu World</Title>
                <UPC>666017104324</UPC>
            </ItemAttributes>
            <OfferSummary>
                <LowestNewPrice>
                    <Amount>2586</Amount>
                    <CurrencyCode>USD</CurrencyCode>
                    <FormattedPrice>$25.86</FormattedPrice>
                </LowestNewPrice>
                <TotalNew>3</TotalNew>
                <TotalUsed>0</TotalUsed>
                <TotalCollectible>0</TotalCollectible>
                <TotalRefurbished>0</TotalRefurbished>
            </OfferSummary>
            <Offers>
                <TotalOffers>0</TotalOffers>
                <TotalOfferPages>0</TotalOfferPages>
            </Offers>
            <CustomerReviews>
                <AverageRating>5.0</AverageRating>
                <TotalReviews>3</TotalReviews>
                <TotalReviewPages>1</TotalReviewPages>
                <Review>
                    <ASIN>B0007NH2B0</ASIN>
                    <Rating>5</Rating>
                    <HelpfulVotes>0</HelpfulVotes>
                    <CustomerId>A3I2YVF2JQ3ES3</CustomerId>
                    <TotalVotes>0</TotalVotes>
                    <Date>2006-02-16</Date>
                    <Summary>A New World of Music: Drum and Bass</Summary>
                    <Content> &lt;br /&gt;I like all kinds of music: classical, romantic,
                        contemporary, reggae, world, rock (in all its forms: sixties innovative,
                        seventies and eighties' departure into more electric, and the nineties' and
                        2000's progressive forms), jazz, blues, country (only some of it from the
                        Stones or Blind Melon), rap and hip hop, and electronic in its different
                        forms (fusion, ambient, progressive house, trance, and garage). However, I
                        have an affinity for drum and bass. I don't know why... it started with New
                        Forms in 97. Through the last 8 years it has remained there although
                        sometimes I lost touch with it. &lt;br /&gt; &lt;br
                        /&gt;This affinity is extremely strong however. I'm sure it's about
                        taste and varies from human to human, but there is something special about
                        this sound that is too difficult to put into words. &lt;br /&gt;
                        &lt;br /&gt;Nu Tone has created something special for the world.
                        This is an essential album for anyone that likes music. Just plain music as
                        an artistically representation of sound from somewhere in the human
                        consciousness. &lt;br /&gt; &lt;br /&gt;Brave Nu World picks
                        up where some other drum and bass artists left. It continues the tradition
                        started in 1997 (Reprazent's New Forms), 2000 (Reprazent's In the Mode),
                        2003 (London Elektricity's Billion Dollar Gravy) and 2004 (Tali's Lyric on
                        my Lip). It shows that drum and bass is always advancing. Anything can be
                        done. Like its predecessors this is an honest, beautiful, and essential work
                        of art. I strongly recommend it. Like any drum and basic classics mentioned
                        above, this album need to be in your collection. &lt;br /&gt;
                        &lt;br /&gt;-AdV</Content>
                </Review>
                <Review>
                    <ASIN>B0007NH2B0</ASIN>
                    <Rating>5</Rating>
                    <HelpfulVotes>0</HelpfulVotes>
                    <CustomerId>AEYUL4ZD2Z96N</CustomerId>
                    <TotalVotes>0</TotalVotes>
                    <Date>2006-02-14</Date>
                    <Summary>This will blow your mind</Summary>
                    <Content>Let me start this by saying that I was trully blown away by this album.
                        Everything in here flows so well, it's almost out of this world. Right from
                        the start with smooth and ear pleasing "seven years" to the last song on
                        this album, everything sounds so good. I have been trying to follow
                        Hospital's DJs and all of them have a great talent, but Nu:tone just raised
                        the bar on this one. &lt;br /&gt; &lt;br /&gt;Some of my
                        favorites are: &lt;br /&gt;"seven years", Natalie Williams sounds
                        awesome on this one. &lt;br /&gt;"can we?", as far as I am concerned
                        anything with London Electricity is garanteed to be good, and this one was.
                        &lt;br /&gt;"three bags full" I can't stop listening to that one.
                        &lt;br /&gt;"New boy" There is something great when you mix jazz and
                        D'n'B. &lt;br /&gt;"strange encounter" another one with Natalie
                        Williams, this is one great. &lt;br /&gt;"Breathless" Great
                    song.</Content>
                </Review>
                <Review>
                    <ASIN>B0007NH2B0</ASIN>
                    <Rating>5</Rating>
                    <HelpfulVotes>1</HelpfulVotes>
                    <CustomerId>A74FR1WLKD199</CustomerId>
                    <TotalVotes>1</TotalVotes>
                    <Date>2006-01-24</Date>
                    <Summary>A Mesmerizing Tour de Groove!! </Summary>
                    <Content>Brave Nu World is the outstanding long-play debut from London's own Dan
                        Gresham AKA Nu:Tone. This album delivers a fresh milestone on the
                        ever-evolving D&amp;B scene. From the beginning to the end this is a
                        Merry-Go-Round Utopia that picks up from where the last song left. Add this
                        a dancefloor flavor and you'll get the idea! There is no remixes here; It's
                        all original songs! &lt;br /&gt; &lt;br /&gt;Nu:Tone makes a
                        clear statement with his original style. Every song stands on it own. You
                        will feel a fresh burst of tunes and riffs that will last you even in your
                        sleep. From the sultry beats of "Seven Years" (backed up by the sexy vocals
                        of Natalie Williams), the club stomping "Right Now", the nursery-fresh beats
                        from "EBB+Flow" (this one will get you inner child up and romping); even the
                        resurgence of all-time favorite Soul 2 Soul's Rose Windross vocals in "All
                        Over the World" makes us feel like it's OK to be groovy! &lt;br
                        /&gt; &lt;br /&gt;Mr. Gresham let us know that he's very
                        influenced by his goodie crew that includes Logistics, High-Contrast,
                        Calibre, XRS, Patife, etc., but at the same time, blast us with so much
                        freshness and originality to let us know that he on his own is a force to be
                        reckoned with. &lt;br /&gt; &lt;br /&gt;Nu:Tone clearly got
                        what it takes to be on the top pillar with the D&amp;B big
                    dogs!</Content>
                </Review>
            </CustomerReviews>
            <SimilarProducts>
                <SimilarProduct>
                    <ASIN>B000QCUAR0</ASIN>
                    <Title>Back of Beyond</Title>
                </SimilarProduct>
                <SimilarProduct>
                    <ASIN>B0009UBYRE</ASIN>
                    <Title>Fabriclive.25</Title>
                </SimilarProduct>
                <SimilarProduct>
                    <ASIN>B000PSJCRY</ASIN>
                    <Title>The Emperor's New Clothes</Title>
                </SimilarProduct>
                <SimilarProduct>
                    <ASIN>B000VE4UDS</ASIN>
                    <Title>Tough Guys Don't Dance</Title>
                </SimilarProduct>
                <SimilarProduct>
                    <ASIN>B000QUU2Q6</ASIN>
                    <Title>Fabriclive.35</Title>
                </SimilarProduct>
            </SimilarProducts>
            <BrowseNodes>
                <BrowseNode>
                    <BrowseNodeId>63709</BrowseNodeId>
                    <Name>General</Name>
                    <Ancestors>
                        <BrowseNode>
                            <BrowseNodeId>7</BrowseNodeId>
                            <Name>Dance &amp; DJ</Name>
                            <Ancestors>
                                <BrowseNode>
                                    <BrowseNodeId>301668</BrowseNodeId>
                                    <Name>Styles</Name>
                                    <Ancestors>
                                        <BrowseNode>
                                            <BrowseNodeId>5174</BrowseNodeId>
                                            <Name>Music</Name>
                                        </BrowseNode>
                                    </Ancestors>
                                </BrowseNode>
                            </Ancestors>
                        </BrowseNode>
                    </Ancestors>
                </BrowseNode>
                <BrowseNode>
                    <BrowseNodeId>916546</BrowseNodeId>
                    <Name>Dance &amp; DJ</Name>
                    <Ancestors>
                        <BrowseNode>
                            <BrowseNodeId>701208</BrowseNodeId>
                            <Name>Imports</Name>
                            <Ancestors>
                                <BrowseNode>
                                    <BrowseNodeId>251269011</BrowseNodeId>
                                    <Name>Custom Stores</Name>
                                    <Ancestors>
                                        <BrowseNode>
                                            <BrowseNodeId>44259011</BrowseNodeId>
                                            <Name>Specialty Stores</Name>
                                            <Ancestors>
                                                <BrowseNode>
                                                  <BrowseNodeId>5174</BrowseNodeId>
                                                  <Name>Music</Name>
                                                </BrowseNode>
                                            </Ancestors>
                                        </BrowseNode>
                                    </Ancestors>
                                </BrowseNode>
                            </Ancestors>
                        </BrowseNode>
                    </Ancestors>
                </BrowseNode>
                <BrowseNode>
                    <BrowseNodeId>388417011</BrowseNodeId>
                    <Name>CD Album</Name>
                    <Ancestors>
                        <BrowseNode>
                            <BrowseNodeId>387645011</BrowseNodeId>
                            <Name>CD</Name>
                            <Ancestors>
                                <BrowseNode>
                                    <BrowseNodeId>387643011</BrowseNodeId>
                                    <Name>Format (binding)</Name>
                                    <Ancestors>
                                        <BrowseNode>
                                            <BrowseNodeId>387642011</BrowseNodeId>
                                            <Name>Refinements</Name>
                                            <Ancestors>
                                                <BrowseNode>
                                                  <BrowseNodeId>5174</BrowseNodeId>
                                                  <Name>Music</Name>
                                                </BrowseNode>
                                            </Ancestors>
                                        </BrowseNode>
                                    </Ancestors>
                                </BrowseNode>
                            </Ancestors>
                        </BrowseNode>
                    </Ancestors>
                </BrowseNode>
                <BrowseNode>
                    <BrowseNodeId>492516011</BrowseNodeId>
                    <Name>Imports</Name>
                    <Ancestors>
                        <BrowseNode>
                            <BrowseNodeId>492515011</BrowseNodeId>
                            <Name>Import (location_browse-bin)</Name>
                            <Ancestors>
                                <BrowseNode>
                                    <BrowseNodeId>387642011</BrowseNodeId>
                                    <Name>Refinements</Name>
                                    <Ancestors>
                                        <BrowseNode>
                                            <BrowseNodeId>5174</BrowseNodeId>
                                            <Name>Music</Name>
                                        </BrowseNode>
                                    </Ancestors>
                                </BrowseNode>
                            </Ancestors>
                        </BrowseNode>
                    </Ancestors>
                </BrowseNode>
            </BrowseNodes>
            <ListmaniaLists>
                <ListmaniaList>
                    <ListId>R2YIUE8NEQR74N</ListId>
                    <ListName>Best of Soulful Drum and Bass</ListName>
                </ListmaniaList>
            </ListmaniaLists>
        </Item>
        <Item>
            <ASIN>B000QCUARA</ASIN>
            <DetailPageURL>http://www.amazon.com/gp/redirect.html%3FASIN=B000QCUARA%26tag=ws%26lcode=xm2%26cID=2025%26ccmID=165953%26location=/o/ASIN/B000QCUARA%253FSubscriptionId=0RBFG1JEYFQRVTPWYQ02</DetailPageURL>
            <SalesRank>647140</SalesRank>
            <SmallImage>
                <URL>http://ecx.images-amazon.com/images/I/41Xb8cwcahL._SL75_.jpg</URL>
                <Height Units="pixels">75</Height>
                <Width Units="pixels">75</Width>
            </SmallImage>
            <MediumImage>
                <URL>http://ecx.images-amazon.com/images/I/41Xb8cwcahL._SL160_.jpg</URL>
                <Height Units="pixels">160</Height>
                <Width Units="pixels">160</Width>
            </MediumImage>
            <LargeImage>
                <URL>http://ecx.images-amazon.com/images/I/41Xb8cwcahL._SL500_.jpg</URL>
                <Height Units="pixels">360</Height>
                <Width Units="pixels">360</Width>
            </LargeImage>
            <ImageSets>
                <ImageSet Category="primary">
                    <SwatchImage>
                        <URL>http://ecx.images-amazon.com/images/I/41Xb8cwcahL._SL30_.jpg</URL>
                        <Height Units="pixels">30</Height>
                        <Width Units="pixels">30</Width>
                    </SwatchImage>
                    <SmallImage>
                        <URL>http://ecx.images-amazon.com/images/I/41Xb8cwcahL._SL75_.jpg</URL>
                        <Height Units="pixels">75</Height>
                        <Width Units="pixels">75</Width>
                    </SmallImage>
                    <MediumImage>
                        <URL>http://ecx.images-amazon.com/images/I/41Xb8cwcahL._SL160_.jpg</URL>
                        <Height Units="pixels">160</Height>
                        <Width Units="pixels">160</Width>
                    </MediumImage>
                    <LargeImage>
                        <URL>http://ecx.images-amazon.com/images/I/41Xb8cwcahL._SL500_.jpg</URL>
                        <Height Units="pixels">360</Height>
                        <Width Units="pixels">360</Width>
                    </LargeImage>
                </ImageSet>
                <ImageSet Category="variant">
                    <SwatchImage>
                        <URL>http://ecx.images-amazon.com/images/I/317M5Zb0dkL._SL30_.jpg</URL>
                        <Height Units="pixels">25</Height>
                        <Width Units="pixels">30</Width>
                    </SwatchImage>
                    <SmallImage>
                        <URL>http://ecx.images-amazon.com/images/I/317M5Zb0dkL._SL75_.jpg</URL>
                        <Height Units="pixels">64</Height>
                        <Width Units="pixels">75</Width>
                    </SmallImage>
                    <MediumImage>
                        <URL>http://ecx.images-amazon.com/images/I/317M5Zb0dkL._SL160_.jpg</URL>
                        <Height Units="pixels">135</Height>
                        <Width Units="pixels">160</Width>
                    </MediumImage>
                    <LargeImage>
                        <URL>http://ecx.images-amazon.com/images/I/317M5Zb0dkL._SL500_.jpg</URL>
                        <Height Units="pixels">254</Height>
                        <Width Units="pixels">300</Width>
                    </LargeImage>
                </ImageSet>
            </ImageSets>
            <ItemAttributes>
                <Artist>Nu: Tone</Artist>
                <Binding>Audio CD</Binding>
                <EAN>0666017164328</EAN>
                <Format>Import</Format>
                <Label>Hospital</Label>
                <ListPrice>
                    <Amount>2198</Amount>
                    <CurrencyCode>USD</CurrencyCode>
                    <FormattedPrice>$21.98</FormattedPrice>
                </ListPrice>
                <Manufacturer>Hospital</Manufacturer>
                <NumberOfDiscs>1</NumberOfDiscs>
                <PackageDimensions>
                    <Height Units="hundredths-inches">54</Height>
                    <Length Units="hundredths-inches">555</Length>
                    <Weight Units="hundredths-pounds">18</Weight>
                    <Width Units="hundredths-inches">497</Width>
                </PackageDimensions>
                <ProductGroup>Music</ProductGroup>
                <Publisher>Hospital</Publisher>
                <ReleaseDate>2007-06-19</ReleaseDate>
                <Studio>Hospital</Studio>
                <Title>Back of Beyond</Title>
                <UPC>666017164328</UPC>
            </ItemAttributes>
            <OfferSummary>
                <LowestNewPrice>
                    <Amount>1606</Amount>
                    <CurrencyCode>USD</CurrencyCode>
                    <FormattedPrice>$16.06</FormattedPrice>
                </LowestNewPrice>
                <TotalNew>10</TotalNew>
                <TotalUsed>0</TotalUsed>
                <TotalCollectible>0</TotalCollectible>
                <TotalRefurbished>0</TotalRefurbished>
            </OfferSummary>
            <Offers>
                <TotalOffers>1</TotalOffers>
                <TotalOfferPages>1</TotalOfferPages>
                <Offer>
                    <Merchant>
                        <MerchantId>ATVPDKIKX0DER</MerchantId>
                        <GlancePage>http://www.amazon.com/gp/help/seller/home.html?seller=ATVPDKIKX0DER</GlancePage>
                    </Merchant>
                    <OfferAttributes>
                        <Condition>New</Condition>
                        <SubCondition>new</SubCondition>
                    </OfferAttributes>
                    <OfferListing>
                        <OfferListingId>iUUOo0lFOUfXidHCnetGJkJCczD5pay0vWWMurmXfYXJuklMB3frVbTuQlPh5Kv0URqqbHerOfeUzOqQj%2FHD5A%3D%3D</OfferListingId>
                        <Price>
                            <Amount>2198</Amount>
                            <CurrencyCode>USD</CurrencyCode>
                            <FormattedPrice>$21.98</FormattedPrice>
                        </Price>
                        <Availability>Usually ships in 24 hours</Availability>
                        <IsEligibleForSuperSaverShipping>1</IsEligibleForSuperSaverShipping>
                    </OfferListing>
                </Offer>
            </Offers>
            <SimilarProducts>
                <SimilarProduct>
                    <ASIN>B000VE4UDS</ASIN>
                    <Title>Tough Guys Don't Dance</Title>
                </SimilarProduct>
                <SimilarProduct>
                    <ASIN>B0007NH2B0</ASIN>
                    <Title>Brave Nu World</Title>
                </SimilarProduct>
                <SimilarProduct>
                    <ASIN>B000HT2L0Q</ASIN>
                    <Title>Now More Than Ever</Title>
                </SimilarProduct>
                <SimilarProduct>
                    <ASIN>B000QUU2Q6</ASIN>
                    <Title>Fabriclive.35</Title>
                </SimilarProduct>
                <SimilarProduct>
                    <ASIN>B000QCUB8I</ASIN>
                    <Title>Cross</Title>
                </SimilarProduct>
            </SimilarProducts>
            <Tracks>
                <Disc Number="1">
                    <Track Number="1">Beliefs - Pat Fulgoni, Nu: Tone, Nu:Tone</Track>
                    <Track Number="2">Deep Old - Nu: Tone, Nu:Tone</Track>
                    <Track Number="3">System - Nu: Tone, Nu:Tone, Natalie Williams</Track>
                    <Track Number="4">Missing Link - Nu: Tone, Nu:Tone</Track>
                    <Track Number="5">Take Me Back - Commix, Nu: Tone, Nu:Tone</Track>
                    <Track Number="6">What's Your Leisure? - Nu: Tone, Nu:Tone, </Track>
                    <Track Number="7">Say Hello, Wave Goodbye - Logistics, Nu: Tone, Nu:Tone</Track>
                    <Track Number="8">Beatnik - Nu: Tone, Nu:Tone</Track>
                    <Track Number="9">Never Together - Logistics, Nu: Tone, Nu:Tone</Track>
                    <Track Number="10">Up and Down - Nu:Tone</Track>
                    <Track Number="11">Boy Who Lost His Smile - Nu: Tone, Nu:Tone</Track>
                    <Track Number="12">Goofy - Nu: Tone, Nu:Tone</Track>
                    <Track Number="13">Jet Stream - Nu: Tone, Nu:Tone, </Track>
                </Disc>
            </Tracks>
            <BrowseNodes>
                <BrowseNode>
                    <BrowseNodeId>63709</BrowseNodeId>
                    <Name>General</Name>
                    <Ancestors>
                        <BrowseNode>
                            <BrowseNodeId>7</BrowseNodeId>
                            <Name>Dance &amp; DJ</Name>
                            <Ancestors>
                                <BrowseNode>
                                    <BrowseNodeId>301668</BrowseNodeId>
                                    <Name>Styles</Name>
                                    <Ancestors>
                                        <BrowseNode>
                                            <BrowseNodeId>5174</BrowseNodeId>
                                            <Name>Music</Name>
                                        </BrowseNode>
                                    </Ancestors>
                                </BrowseNode>
                            </Ancestors>
                        </BrowseNode>
                    </Ancestors>
                </BrowseNode>
                <BrowseNode>
                    <BrowseNodeId>388417011</BrowseNodeId>
                    <Name>CD Album</Name>
                    <Ancestors>
                        <BrowseNode>
                            <BrowseNodeId>387645011</BrowseNodeId>
                            <Name>CD</Name>
                            <Ancestors>
                                <BrowseNode>
                                    <BrowseNodeId>387643011</BrowseNodeId>
                                    <Name>Format (binding)</Name>
                                    <Ancestors>
                                        <BrowseNode>
                                            <BrowseNodeId>387642011</BrowseNodeId>
                                            <Name>Refinements</Name>
                                            <Ancestors>
                                                <BrowseNode>
                                                  <BrowseNodeId>5174</BrowseNodeId>
                                                  <Name>Music</Name>
                                                </BrowseNode>
                                            </Ancestors>
                                        </BrowseNode>
                                    </Ancestors>
                                </BrowseNode>
                            </Ancestors>
                        </BrowseNode>
                    </Ancestors>
                </BrowseNode>
                <BrowseNode>
                    <BrowseNodeId>492516011</BrowseNodeId>
                    <Name>Imports</Name>
                    <Ancestors>
                        <BrowseNode>
                            <BrowseNodeId>492515011</BrowseNodeId>
                            <Name>Import (location_browse-bin)</Name>
                            <Ancestors>
                                <BrowseNode>
                                    <BrowseNodeId>387642011</BrowseNodeId>
                                    <Name>Refinements</Name>
                                    <Ancestors>
                                        <BrowseNode>
                                            <BrowseNodeId>5174</BrowseNodeId>
                                            <Name>Music</Name>
                                        </BrowseNode>
                                    </Ancestors>
                                </BrowseNode>
                            </Ancestors>
                        </BrowseNode>
                    </Ancestors>
                </BrowseNode>
            </BrowseNodes>
        </Item>
        <Item>
            <ASIN>B000051W16</ASIN>
            <DetailPageURL>http://www.amazon.com/gp/redirect.html%3FASIN=B000051W16%26tag=ws%26lcode=xm2%26cID=2025%26ccmID=165953%26location=/o/ASIN/B000051W16%253FSubscriptionId=0RBFG1JEYFQRVTPWYQ02</DetailPageURL>
            <SalesRank>1072430</SalesRank>
            <ItemAttributes>
                <Binding>Audio CD</Binding>
                <Creator Role="Performer">Nu-Tone Wranglers</Creator>
                <EAN>0714288076229</EAN>
                <ListPrice>
                    <Amount>1599</Amount>
                    <CurrencyCode>USD</CurrencyCode>
                    <FormattedPrice>$15.99</FormattedPrice>
                </ListPrice>
                <NumberOfDiscs>1</NumberOfDiscs>
                <ProductGroup>Music</ProductGroup>
                <ReleaseDate>2000-11-11</ReleaseDate>
                <Title>Positive Pain</Title>
                <UPC>714288076229</UPC>
            </ItemAttributes>
            <OfferSummary>
                <LowestNewPrice>
                    <Amount>1449</Amount>
                    <CurrencyCode>USD</CurrencyCode>
                    <FormattedPrice>$14.49</FormattedPrice>
                </LowestNewPrice>
                <LowestUsedPrice>
                    <Amount>1399</Amount>
                    <CurrencyCode>USD</CurrencyCode>
                    <FormattedPrice>$13.99</FormattedPrice>
                </LowestUsedPrice>
                <TotalNew>2</TotalNew>
                <TotalUsed>1</TotalUsed>
                <TotalCollectible>0</TotalCollectible>
                <TotalRefurbished>0</TotalRefurbished>
            </OfferSummary>
            <Offers>
                <TotalOffers>0</TotalOffers>
                <TotalOfferPages>0</TotalOfferPages>
            </Offers>
            <CustomerReviews>
                <AverageRating>5.0</AverageRating>
                <TotalReviews>2</TotalReviews>
                <TotalReviewPages>1</TotalReviewPages>
                <Review>
                    <ASIN>B000051W16</ASIN>
                    <Rating>5</Rating>
                    <HelpfulVotes>0</HelpfulVotes>
                    <CustomerId>AT8G9N6O7YO92</CustomerId>
                    <TotalVotes>0</TotalVotes>
                    <Date>2002-04-05</Date>
                    <Summary>new new riders</Summary>
                    <Content>sounds like the old new riders of the&lt;br&gt;purple sage.
                        Dave Torbert probally &lt;br&gt;got a huge smile in his casket 6
                        feet&lt;br&gt;under the ground when he heard this.</Content>
                </Review>
                <Review>
                    <ASIN>B000051W16</ASIN>
                    <Rating>5</Rating>
                    <HelpfulVotes>0</HelpfulVotes>
                    <CustomerId>AT8G9N6O7YO92</CustomerId>
                    <TotalVotes>0</TotalVotes>
                    <Date>2002-04-05</Date>
                    <Summary>foot stomping music</Summary>
                    <Content>sounds like old new riders of the purple&lt;br&gt;sage. Kind of
                        music you could play for&lt;br&gt;your uncle and brother</Content>
                </Review>
            </CustomerReviews>
            <EditorialReviews>
                <EditorialReview>
                    <Source>Album Description</Source>
                    <Content>A heartfelt collection of Neo-Traditional Country songs with roots
                        firmly planted in the fertile soil of yesteryear while keeping a shining
                        face turned upward to the bright sunshine of today. Clever, romantic, you'll
                        laugh 'til it hurts 'cuz you know the songs are so painfully true (at least
                        for somebody). If you like old country music, you'll love the Nu-Tone
                        Wranglers - If you don't like country music, this is the record to change
                        your mind. Just buy it , Okay? We need the money and someone you either love
                        or hate will be sure to go crazy for this treasure-trove of
                    tunesmithing."</Content>
                </EditorialReview>
            </EditorialReviews>
            <Tracks>
                <Disc Number="1">
                    <Track Number="1">Wrong Kinda Woman</Track>
                    <Track Number="2">So Hard To Lose</Track>
                    <Track Number="3">Too Wonderful</Track>
                    <Track Number="4">Devil Driven Man</Track>
                    <Track Number="5">You Better Run</Track>
                    <Track Number="6">I Found My Savior</Track>
                    <Track Number="7">Nobody Left</Track>
                    <Track Number="8">Reckless Ways</Track>
                    <Track Number="9">Heartache</Track>
                    <Track Number="10">Divorce</Track>
                    <Track Number="11">Cold Wind</Track>
                    <Track Number="12">Positive Pain</Track>
                    <Track Number="13">Grand Tour</Track>
                </Disc>
            </Tracks>
            <BrowseNodes>
                <BrowseNode>
                    <BrowseNodeId>5191</BrowseNodeId>
                    <Name>General</Name>
                    <Ancestors>
                        <BrowseNode>
                            <BrowseNodeId>30</BrowseNodeId>
                            <Name>Alternative Rock</Name>
                            <Ancestors>
                                <BrowseNode>
                                    <BrowseNodeId>301668</BrowseNodeId>
                                    <Name>Styles</Name>
                                    <Ancestors>
                                        <BrowseNode>
                                            <BrowseNodeId>5174</BrowseNodeId>
                                            <Name>Music</Name>
                                        </BrowseNode>
                                    </Ancestors>
                                </BrowseNode>
                            </Ancestors>
                        </BrowseNode>
                    </Ancestors>
                </BrowseNode>
                <BrowseNode>
                    <BrowseNodeId>63695</BrowseNodeId>
                    <Name>General</Name>
                    <Ancestors>
                        <BrowseNode>
                            <BrowseNodeId>16</BrowseNodeId>
                            <Name>Country</Name>
                            <Ancestors>
                                <BrowseNode>
                                    <BrowseNodeId>301668</BrowseNodeId>
                                    <Name>Styles</Name>
                                    <Ancestors>
                                        <BrowseNode>
                                            <BrowseNodeId>5174</BrowseNodeId>
                                            <Name>Music</Name>
                                        </BrowseNode>
                                    </Ancestors>
                                </BrowseNode>
                            </Ancestors>
                        </BrowseNode>
                    </Ancestors>
                </BrowseNode>
                <BrowseNode>
                    <BrowseNodeId>520086</BrowseNodeId>
                    <Name>General</Name>
                    <Ancestors>
                        <BrowseNode>
                            <BrowseNodeId>171240</BrowseNodeId>
                            <Name>Alternative Rock</Name>
                            <Ancestors>
                                <BrowseNode>
                                    <BrowseNodeId>266023</BrowseNodeId>
                                    <Name>Indie Music</Name>
                                    <Ancestors>
                                        <BrowseNode>
                                            <BrowseNodeId>251269011</BrowseNodeId>
                                            <Name>Custom Stores</Name>
                                            <Ancestors>
                                                <BrowseNode>
                                                  <BrowseNodeId>44259011</BrowseNodeId>
                                                  <Name>Specialty Stores</Name>
                                                  <Ancestors>
                                                  <BrowseNode>
                                                  <BrowseNodeId>5174</BrowseNodeId>
                                                  <Name>Music</Name>
                                                  </BrowseNode>
                                                  </Ancestors>
                                                </BrowseNode>
                                            </Ancestors>
                                        </BrowseNode>
                                    </Ancestors>
                                </BrowseNode>
                            </Ancestors>
                        </BrowseNode>
                    </Ancestors>
                </BrowseNode>
                <BrowseNode>
                    <BrowseNodeId>520136</BrowseNodeId>
                    <Name>General</Name>
                    <Ancestors>
                        <BrowseNode>
                            <BrowseNodeId>171242</BrowseNodeId>
                            <Name>Country</Name>
                            <Ancestors>
                                <BrowseNode>
                                    <BrowseNodeId>266023</BrowseNodeId>
                                    <Name>Indie Music</Name>
                                    <Ancestors>
                                        <BrowseNode>
                                            <BrowseNodeId>251269011</BrowseNodeId>
                                            <Name>Custom Stores</Name>
                                            <Ancestors>
                                                <BrowseNode>
                                                  <BrowseNodeId>44259011</BrowseNodeId>
                                                  <Name>Specialty Stores</Name>
                                                  <Ancestors>
                                                  <BrowseNode>
                                                  <BrowseNodeId>5174</BrowseNodeId>
                                                  <Name>Music</Name>
                                                  </BrowseNode>
                                                  </Ancestors>
                                                </BrowseNode>
                                            </Ancestors>
                                        </BrowseNode>
                                    </Ancestors>
                                </BrowseNode>
                            </Ancestors>
                        </BrowseNode>
                    </Ancestors>
                </BrowseNode>
                <BrowseNode>
                    <BrowseNodeId>388417011</BrowseNodeId>
                    <Name>CD Album</Name>
                    <Ancestors>
                        <BrowseNode>
                            <BrowseNodeId>387645011</BrowseNodeId>
                            <Name>CD</Name>
                            <Ancestors>
                                <BrowseNode>
                                    <BrowseNodeId>387643011</BrowseNodeId>
                                    <Name>Format (binding)</Name>
                                    <Ancestors>
                                        <BrowseNode>
                                            <BrowseNodeId>387642011</BrowseNodeId>
                                            <Name>Refinements</Name>
                                            <Ancestors>
                                                <BrowseNode>
                                                  <BrowseNodeId>5174</BrowseNodeId>
                                                  <Name>Music</Name>
                                                </BrowseNode>
                                            </Ancestors>
                                        </BrowseNode>
                                    </Ancestors>
                                </BrowseNode>
                            </Ancestors>
                        </BrowseNode>
                    </Ancestors>
                </BrowseNode>
                <BrowseNode>
                    <BrowseNodeId>616881011</BrowseNodeId>
                    <Name>Main Album</Name>
                    <Ancestors>
                        <BrowseNode>
                            <BrowseNodeId>492502011</BrowseNodeId>
                            <Name>Edition (format)</Name>
                            <Ancestors>
                                <BrowseNode>
                                    <BrowseNodeId>387642011</BrowseNodeId>
                                    <Name>Refinements</Name>
                                    <Ancestors>
                                        <BrowseNode>
                                            <BrowseNodeId>5174</BrowseNodeId>
                                            <Name>Music</Name>
                                        </BrowseNode>
                                    </Ancestors>
                                </BrowseNode>
                            </Ancestors>
                        </BrowseNode>
                    </Ancestors>
                </BrowseNode>
            </BrowseNodes>
        </Item>
        <Item>
            <ASIN>B000O78VYG</ASIN>
            <DetailPageURL>http://www.amazon.com/gp/redirect.html%3FASIN=B000O78VYG%26tag=ws%26lcode=xm2%26cID=2025%26ccmID=165953%26location=/o/ASIN/B000O78VYG%253FSubscriptionId=0RBFG1JEYFQRVTPWYQ02</DetailPageURL>
            <SalesRank>759367</SalesRank>
            <SmallImage>
                <URL>http://ecx.images-amazon.com/images/I/51veRNO%2By8L._SL75_.jpg</URL>
                <Height Units="pixels">74</Height>
                <Width Units="pixels">75</Width>
            </SmallImage>
            <MediumImage>
                <URL>http://ecx.images-amazon.com/images/I/51veRNO%2By8L._SL160_.jpg</URL>
                <Height Units="pixels">158</Height>
                <Width Units="pixels">160</Width>
            </MediumImage>
            <LargeImage>
                <URL>http://ecx.images-amazon.com/images/I/51veRNO%2By8L._SL500_.jpg</URL>
                <Height Units="pixels">494</Height>
                <Width Units="pixels">500</Width>
            </LargeImage>
            <ImageSets>
                <ImageSet Category="primary">
                    <SwatchImage>
                        <URL>http://ecx.images-amazon.com/images/I/51veRNO%2By8L._SL30_.jpg</URL>
                        <Height Units="pixels">30</Height>
                        <Width Units="pixels">30</Width>
                    </SwatchImage>
                    <SmallImage>
                        <URL>http://ecx.images-amazon.com/images/I/51veRNO%2By8L._SL75_.jpg</URL>
                        <Height Units="pixels">74</Height>
                        <Width Units="pixels">75</Width>
                    </SmallImage>
                    <MediumImage>
                        <URL>http://ecx.images-amazon.com/images/I/51veRNO%2By8L._SL160_.jpg</URL>
                        <Height Units="pixels">158</Height>
                        <Width Units="pixels">160</Width>
                    </MediumImage>
                    <LargeImage>
                        <URL>http://ecx.images-amazon.com/images/I/51veRNO%2By8L._SL500_.jpg</URL>
                        <Height Units="pixels">494</Height>
                        <Width Units="pixels">500</Width>
                    </LargeImage>
                </ImageSet>
            </ImageSets>
            <ItemAttributes>
                <Artist>Nu: Tone</Artist>
                <Binding>Audio CD</Binding>
                <EAN>4580132732049</EAN>
                <Format>Import</Format>
                <Label>3d Japan</Label>
                <ListPrice>
                    <Amount>3498</Amount>
                    <CurrencyCode>USD</CurrencyCode>
                    <FormattedPrice>$34.98</FormattedPrice>
                </ListPrice>
                <Manufacturer>3d Japan</Manufacturer>
                <NumberOfDiscs>1</NumberOfDiscs>
                <PackageDimensions>
                    <Height Units="hundredths-inches">54</Height>
                    <Length Units="hundredths-inches">555</Length>
                    <Weight Units="hundredths-pounds">18</Weight>
                    <Width Units="hundredths-inches">497</Width>
                </PackageDimensions>
                <ProductGroup>Music</ProductGroup>
                <Publisher>3d Japan</Publisher>
                <ReleaseDate>2007-05-07</ReleaseDate>
                <Studio>3d Japan</Studio>
                <Title>Back of Beyond</Title>
            </ItemAttributes>
            <OfferSummary>
                <LowestNewPrice>
                    <Amount>2780</Amount>
                    <CurrencyCode>USD</CurrencyCode>
                    <FormattedPrice>$27.80</FormattedPrice>
                </LowestNewPrice>
                <TotalNew>3</TotalNew>
                <TotalUsed>0</TotalUsed>
                <TotalCollectible>0</TotalCollectible>
                <TotalRefurbished>0</TotalRefurbished>
            </OfferSummary>
            <Offers>
                <TotalOffers>1</TotalOffers>
                <TotalOfferPages>1</TotalOfferPages>
                <Offer>
                    <Merchant>
                        <MerchantId>ATVPDKIKX0DER</MerchantId>
                        <GlancePage>http://www.amazon.com/gp/help/seller/home.html?seller=ATVPDKIKX0DER</GlancePage>
                    </Merchant>
                    <OfferAttributes>
                        <Condition>New</Condition>
                        <SubCondition>new</SubCondition>
                    </OfferAttributes>
                    <OfferListing>
                        <OfferListingId>4X2HNqR4NKQY2IdHTkam4tW9QQ7ip5RbxRrSkcyk9Zy885mWhruFpsK1xu8SP1Nr8dKBVSuvZ%2BbiGdNX%2BjvpQg%3D%3D</OfferListingId>
                        <Price>
                            <Amount>3498</Amount>
                            <CurrencyCode>USD</CurrencyCode>
                            <FormattedPrice>$34.98</FormattedPrice>
                        </Price>
                        <Availability>Usually ships in 24 hours</Availability>
                        <IsEligibleForSuperSaverShipping>1</IsEligibleForSuperSaverShipping>
                    </OfferListing>
                </Offer>
            </Offers>
            <SimilarProducts>
                <SimilarProduct>
                    <ASIN>B000VE4UDS</ASIN>
                    <Title>Tough Guys Don't Dance</Title>
                </SimilarProduct>
                <SimilarProduct>
                    <ASIN>B0007NH2B0</ASIN>
                    <Title>Brave Nu World</Title>
                </SimilarProduct>
                <SimilarProduct>
                    <ASIN>B000HT2L0Q</ASIN>
                    <Title>Now More Than Ever</Title>
                </SimilarProduct>
                <SimilarProduct>
                    <ASIN>B000QUU2Q6</ASIN>
                    <Title>Fabriclive.35</Title>
                </SimilarProduct>
                <SimilarProduct>
                    <ASIN>B000QCUB8I</ASIN>
                    <Title>Cross</Title>
                </SimilarProduct>
            </SimilarProducts>
            <Tracks>
                <Disc Number="1">
                    <Track Number="1">Beliefs - Pat Fulgoni, Nu: Tone, Nu:Tone</Track>
                    <Track Number="2">Deep Old - Nu: Tone, Nu:Tone</Track>
                    <Track Number="3">System - Nu: Tone, Nu:Tone, Natalie Williams</Track>
                    <Track Number="4">Missing Link - Nu: Tone, Nu:Tone</Track>
                    <Track Number="5">Take Me Back - Commix, Nu: Tone, Nu:Tone</Track>
                    <Track Number="6">What's Your Leisure? - Nu: Tone, Nu:Tone, </Track>
                    <Track Number="7">Say Hello, Wave Goodbye - Logistics, Nu: Tone, Nu:Tone</Track>
                    <Track Number="8">Beatnik - Nu: Tone, Nu:Tone</Track>
                    <Track Number="9">Never Together - Logistics, Nu: Tone, Nu:Tone</Track>
                    <Track Number="10">Up and Down - Nu:Tone</Track>
                    <Track Number="11">Boy Who Lost His Smile - Nu: Tone, Nu:Tone</Track>
                    <Track Number="12">Goofy - Nu: Tone, Nu:Tone</Track>
                    <Track Number="13">Jet Stream - Nu: Tone, Nu:Tone, </Track>
                </Disc>
            </Tracks>
            <BrowseNodes>
                <BrowseNode>
                    <BrowseNodeId>63709</BrowseNodeId>
                    <Name>General</Name>
                    <Ancestors>
                        <BrowseNode>
                            <BrowseNodeId>7</BrowseNodeId>
                            <Name>Dance &amp; DJ</Name>
                            <Ancestors>
                                <BrowseNode>
                                    <BrowseNodeId>301668</BrowseNodeId>
                                    <Name>Styles</Name>
                                    <Ancestors>
                                        <BrowseNode>
                                            <BrowseNodeId>5174</BrowseNodeId>
                                            <Name>Music</Name>
                                        </BrowseNode>
                                    </Ancestors>
                                </BrowseNode>
                            </Ancestors>
                        </BrowseNode>
                    </Ancestors>
                </BrowseNode>
                <BrowseNode>
                    <BrowseNodeId>916546</BrowseNodeId>
                    <Name>Dance &amp; DJ</Name>
                    <Ancestors>
                        <BrowseNode>
                            <BrowseNodeId>701208</BrowseNodeId>
                            <Name>Imports</Name>
                            <Ancestors>
                                <BrowseNode>
                                    <BrowseNodeId>251269011</BrowseNodeId>
                                    <Name>Custom Stores</Name>
                                    <Ancestors>
                                        <BrowseNode>
                                            <BrowseNodeId>44259011</BrowseNodeId>
                                            <Name>Specialty Stores</Name>
                                            <Ancestors>
                                                <BrowseNode>
                                                  <BrowseNodeId>5174</BrowseNodeId>
                                                  <Name>Music</Name>
                                                </BrowseNode>
                                            </Ancestors>
                                        </BrowseNode>
                                    </Ancestors>
                                </BrowseNode>
                            </Ancestors>
                        </BrowseNode>
                    </Ancestors>
                </BrowseNode>
                <BrowseNode>
                    <BrowseNodeId>388417011</BrowseNodeId>
                    <Name>CD Album</Name>
                    <Ancestors>
                        <BrowseNode>
                            <BrowseNodeId>387645011</BrowseNodeId>
                            <Name>CD</Name>
                            <Ancestors>
                                <BrowseNode>
                                    <BrowseNodeId>387643011</BrowseNodeId>
                                    <Name>Format (binding)</Name>
                                    <Ancestors>
                                        <BrowseNode>
                                            <BrowseNodeId>387642011</BrowseNodeId>
                                            <Name>Refinements</Name>
                                            <Ancestors>
                                                <BrowseNode>
                                                  <BrowseNodeId>5174</BrowseNodeId>
                                                  <Name>Music</Name>
                                                </BrowseNode>
                                            </Ancestors>
                                        </BrowseNode>
                                    </Ancestors>
                                </BrowseNode>
                            </Ancestors>
                        </BrowseNode>
                    </Ancestors>
                </BrowseNode>
                <BrowseNode>
                    <BrowseNodeId>492516011</BrowseNodeId>
                    <Name>Imports</Name>
                    <Ancestors>
                        <BrowseNode>
                            <BrowseNodeId>492515011</BrowseNodeId>
                            <Name>Import (location_browse-bin)</Name>
                            <Ancestors>
                                <BrowseNode>
                                    <BrowseNodeId>387642011</BrowseNodeId>
                                    <Name>Refinements</Name>
                                    <Ancestors>
                                        <BrowseNode>
                                            <BrowseNodeId>5174</BrowseNodeId>
                                            <Name>Music</Name>
                                        </BrowseNode>
                                    </Ancestors>
                                </BrowseNode>
                            </Ancestors>
                        </BrowseNode>
                    </Ancestors>
                </BrowseNode>
            </BrowseNodes>
        </Item>
    </Items>
</ItemSearchResponse>
